{
	"textures": [
		{
			"image": "knightAttack.png",
			"format": "RGBA8888",
			"size": {
				"w": 454,
				"h": 1768
			},
			"scale": 1,
			"frames": [
				{
					"filename": "knightAttack.png",
					"rotated": false,
					"trimmed": true,
					"sourceSize": {
						"w": 466,
						"h": 1780
					},
					"spriteSourceSize": {
						"x": 7,
						"y": 7,
						"w": 452,
						"h": 1766
					},
					"frame": {
						"x": 1,
						"y": 1,
						"w": 452,
						"h": 1766
					}
				}
			]
		}
	],
	"meta": {
		"app": "https://www.codeandweb.com/texturepacker",
		"version": "3.0",
		"smartupdate": "$TexturePacker:SmartUpdate:dc72bb5f02c26577b91832884166e2f7:e872ca79dd34679176d32fd79419e2df:e879f058b60f10fbb7f07cd08f5f0f00$"
	}
}
