{
	"textures": [
		{
			"image": "knightAttack.png",
			"format": "RGBA8888",
			"size": {
				"w": 122,
				"h": 233
			},
			"scale": 1,
			"frames": [
				{
					"filename": "knightAttack-0.png",
					"rotated": false,
					"trimmed": true,
					"sourceSize": {
						"w": 146,
						"h": 66
					},
					"spriteSourceSize": {
						"x": 56,
						"y": 15,
						"w": 26,
						"h": 32
					},
					"frame": {
						"x": 1,
						"y": 1,
						"w": 26,
						"h": 32
					}
				},
				{
					"filename": "knightAttack-1.png",
					"rotated": false,
					"trimmed": true,
					"sourceSize": {
						"w": 146,
						"h": 66
					},
					"spriteSourceSize": {
						"x": 56,
						"y": 15,
						"w": 26,
						"h": 32
					},
					"frame": {
						"x": 29,
						"y": 1,
						"w": 26,
						"h": 32
					}
				},
				{
					"filename": "knightAttack-2.png",
					"rotated": false,
					"trimmed": true,
					"sourceSize": {
						"w": 146,
						"h": 66
					},
					"spriteSourceSize": {
						"x": 56,
						"y": 15,
						"w": 26,
						"h": 32
					},
					"frame": {
						"x": 57,
						"y": 1,
						"w": 26,
						"h": 32
					}
				},
				{
					"filename": "knightAttack-3.png",
					"rotated": false,
					"trimmed": true,
					"sourceSize": {
						"w": 146,
						"h": 66
					},
					"spriteSourceSize": {
						"x": 56,
						"y": 16,
						"w": 23,
						"h": 31
					},
					"frame": {
						"x": 85,
						"y": 1,
						"w": 23,
						"h": 31
					}
				},
				{
					"filename": "knightAttack-4.png",
					"rotated": false,
					"trimmed": true,
					"sourceSize": {
						"w": 146,
						"h": 66
					},
					"spriteSourceSize": {
						"x": 56,
						"y": 16,
						"w": 23,
						"h": 31
					},
					"frame": {
						"x": 1,
						"y": 35,
						"w": 23,
						"h": 31
					}
				},
				{
					"filename": "knightAttack-5.png",
					"rotated": false,
					"trimmed": true,
					"sourceSize": {
						"w": 146,
						"h": 66
					},
					"spriteSourceSize": {
						"x": 56,
						"y": 17,
						"w": 43,
						"h": 30
					},
					"frame": {
						"x": 26,
						"y": 35,
						"w": 43,
						"h": 30
					}
				},
				{
					"filename": "knightAttack-6.png",
					"rotated": false,
					"trimmed": true,
					"sourceSize": {
						"w": 146,
						"h": 66
					},
					"spriteSourceSize": {
						"x": 56,
						"y": 17,
						"w": 39,
						"h": 30
					},
					"frame": {
						"x": 71,
						"y": 35,
						"w": 39,
						"h": 30
					}
				},
				{
					"filename": "knightAttack-7.png",
					"rotated": false,
					"trimmed": true,
					"sourceSize": {
						"w": 146,
						"h": 66
					},
					"spriteSourceSize": {
						"x": 56,
						"y": 17,
						"w": 39,
						"h": 30
					},
					"frame": {
						"x": 1,
						"y": 68,
						"w": 39,
						"h": 30
					}
				},
				{
					"filename": "knightAttack-8.png",
					"rotated": false,
					"trimmed": true,
					"sourceSize": {
						"w": 146,
						"h": 66
					},
					"spriteSourceSize": {
						"x": 56,
						"y": 16,
						"w": 35,
						"h": 31
					},
					"frame": {
						"x": 42,
						"y": 68,
						"w": 35,
						"h": 31
					}
				},
				{
					"filename": "knightAttack-9.png",
					"rotated": false,
					"trimmed": true,
					"sourceSize": {
						"w": 146,
						"h": 66
					},
					"spriteSourceSize": {
						"x": 45,
						"y": 15,
						"w": 32,
						"h": 32
					},
					"frame": {
						"x": 79,
						"y": 68,
						"w": 32,
						"h": 32
					}
				},
				{
					"filename": "knightAttack-10.png",
					"rotated": false,
					"trimmed": true,
					"sourceSize": {
						"w": 146,
						"h": 66
					},
					"spriteSourceSize": {
						"x": 48,
						"y": 12,
						"w": 50,
						"h": 35
					},
					"frame": {
						"x": 1,
						"y": 102,
						"w": 50,
						"h": 35
					}
				},
				{
					"filename": "knightAttack-11.png",
					"rotated": false,
					"trimmed": true,
					"sourceSize": {
						"w": 146,
						"h": 66
					},
					"spriteSourceSize": {
						"x": 56,
						"y": 16,
						"w": 41,
						"h": 31
					},
					"frame": {
						"x": 53,
						"y": 102,
						"w": 41,
						"h": 31
					}
				},
				{
					"filename": "knightAttack-12.png",
					"rotated": false,
					"trimmed": true,
					"sourceSize": {
						"w": 146,
						"h": 66
					},
					"spriteSourceSize": {
						"x": 56,
						"y": 18,
						"w": 41,
						"h": 29
					},
					"frame": {
						"x": 1,
						"y": 139,
						"w": 41,
						"h": 29
					}
				},
				{
					"filename": "knightAttack-13.png",
					"rotated": false,
					"trimmed": true,
					"sourceSize": {
						"w": 146,
						"h": 66
					},
					"spriteSourceSize": {
						"x": 60,
						"y": 17,
						"w": 32,
						"h": 30
					},
					"frame": {
						"x": 44,
						"y": 139,
						"w": 32,
						"h": 30
					}
				},
				{
					"filename": "knightAttack-14.png",
					"rotated": false,
					"trimmed": true,
					"sourceSize": {
						"w": 146,
						"h": 66
					},
					"spriteSourceSize": {
						"x": 67,
						"y": 17,
						"w": 29,
						"h": 30
					},
					"frame": {
						"x": 78,
						"y": 139,
						"w": 29,
						"h": 30
					}
				},
				{
					"filename": "knightAttack-15.png",
					"rotated": false,
					"trimmed": true,
					"sourceSize": {
						"w": 146,
						"h": 66
					},
					"spriteSourceSize": {
						"x": 67,
						"y": 17,
						"w": 23,
						"h": 30
					},
					"frame": {
						"x": 1,
						"y": 171,
						"w": 23,
						"h": 30
					}
				},
				{
					"filename": "knightAttack-16.png",
					"rotated": false,
					"trimmed": true,
					"sourceSize": {
						"w": 146,
						"h": 66
					},
					"spriteSourceSize": {
						"x": 72,
						"y": 17,
						"w": 20,
						"h": 30
					},
					"frame": {
						"x": 26,
						"y": 171,
						"w": 20,
						"h": 30
					}
				},
				{
					"filename": "knightAttack-17.png",
					"rotated": false,
					"trimmed": true,
					"sourceSize": {
						"w": 146,
						"h": 66
					},
					"spriteSourceSize": {
						"x": 84,
						"y": 19,
						"w": 53,
						"h": 28
					},
					"frame": {
						"x": 48,
						"y": 171,
						"w": 53,
						"h": 28
					}
				},
				{
					"filename": "knightAttack-18.png",
					"rotated": false,
					"trimmed": true,
					"sourceSize": {
						"w": 146,
						"h": 66
					},
					"spriteSourceSize": {
						"x": 84,
						"y": 18,
						"w": 42,
						"h": 29
					},
					"frame": {
						"x": 1,
						"y": 203,
						"w": 42,
						"h": 29
					}
				},
				{
					"filename": "knightAttack-19.png",
					"rotated": false,
					"trimmed": true,
					"sourceSize": {
						"w": 146,
						"h": 66
					},
					"spriteSourceSize": {
						"x": 84,
						"y": 18,
						"w": 24,
						"h": 29
					},
					"frame": {
						"x": 45,
						"y": 203,
						"w": 24,
						"h": 29
					}
				},
				{
					"filename": "knightAttack-20.png",
					"rotated": false,
					"trimmed": true,
					"sourceSize": {
						"w": 146,
						"h": 66
					},
					"spriteSourceSize": {
						"x": 84,
						"y": 18,
						"w": 24,
						"h": 29
					},
					"frame": {
						"x": 71,
						"y": 203,
						"w": 24,
						"h": 29
					}
				},
				{
					"filename": "knightAttack-21.png",
					"rotated": false,
					"trimmed": true,
					"sourceSize": {
						"w": 146,
						"h": 66
					},
					"spriteSourceSize": {
						"x": 84,
						"y": 18,
						"w": 24,
						"h": 29
					},
					"frame": {
						"x": 97,
						"y": 203,
						"w": 24,
						"h": 29
					}
				}
			]
		}
	],
	"meta": {
		"app": "https://www.codeandweb.com/texturepacker",
		"version": "3.0",
		"smartupdate": "$TexturePacker:SmartUpdate:f7b74673c87179ff99e6d1ff23140fe3:b468c23f0db879d7871395bbbde58241:1b8dca399787d2a688818293bcd36d42$"
	}
}
