{
	"textures": [
		{
			"image": "WizAttack2Left.png",
			"format": "RGBA8888",
			"size": {
				"w": 2016,
				"h": 252
			},
			"scale": 1,
			"frames": [
				{
					"filename": "Attack2Left-7.png",
					"rotated": false,
					"trimmed": false,
					"sourceSize": {
						"w": 250,
						"h": 250
					},
					"spriteSourceSize": {
						"x": 0,
						"y": 0,
						"w": 250,
						"h": 250
					},
					"frame": {
						"x": 1,
						"y": 1,
						"w": 250,
						"h": 250
					}
				},
				{
					"filename": "Attack2Left-6.png",
					"rotated": false,
					"trimmed": false,
					"sourceSize": {
						"w": 250,
						"h": 250
					},
					"spriteSourceSize": {
						"x": 0,
						"y": 0,
						"w": 250,
						"h": 250
					},
					"frame": {
						"x": 253,
						"y": 1,
						"w": 250,
						"h": 250
					}
				},
				{
					"filename": "Attack2Left-5.png",
					"rotated": false,
					"trimmed": false,
					"sourceSize": {
						"w": 250,
						"h": 250
					},
					"spriteSourceSize": {
						"x": 0,
						"y": 0,
						"w": 250,
						"h": 250
					},
					"frame": {
						"x": 505,
						"y": 1,
						"w": 250,
						"h": 250
					}
				},
				{
					"filename": "Attack2Left-4.png",
					"rotated": false,
					"trimmed": false,
					"sourceSize": {
						"w": 250,
						"h": 250
					},
					"spriteSourceSize": {
						"x": 0,
						"y": 0,
						"w": 250,
						"h": 250
					},
					"frame": {
						"x": 757,
						"y": 1,
						"w": 250,
						"h": 250
					}
				},
				{
					"filename": "Attack2Left-3.png",
					"rotated": false,
					"trimmed": false,
					"sourceSize": {
						"w": 250,
						"h": 250
					},
					"spriteSourceSize": {
						"x": 0,
						"y": 0,
						"w": 250,
						"h": 250
					},
					"frame": {
						"x": 1009,
						"y": 1,
						"w": 250,
						"h": 250
					}
				},
				{
					"filename": "Attack2Left-2.png",
					"rotated": false,
					"trimmed": false,
					"sourceSize": {
						"w": 250,
						"h": 250
					},
					"spriteSourceSize": {
						"x": 0,
						"y": 0,
						"w": 250,
						"h": 250
					},
					"frame": {
						"x": 1261,
						"y": 1,
						"w": 250,
						"h": 250
					}
				},
				{
					"filename": "Attack2Left-1.png",
					"rotated": false,
					"trimmed": false,
					"sourceSize": {
						"w": 250,
						"h": 250
					},
					"spriteSourceSize": {
						"x": 0,
						"y": 0,
						"w": 250,
						"h": 250
					},
					"frame": {
						"x": 1513,
						"y": 1,
						"w": 250,
						"h": 250
					}
				},
				{
					"filename": "Attack2Left-0.png",
					"rotated": false,
					"trimmed": false,
					"sourceSize": {
						"w": 250,
						"h": 250
					},
					"spriteSourceSize": {
						"x": 0,
						"y": 0,
						"w": 250,
						"h": 250
					},
					"frame": {
						"x": 1765,
						"y": 1,
						"w": 250,
						"h": 250
					}
				}
			]
		}
	],
	"meta": {
		"app": "https://www.codeandweb.com/texturepacker",
		"version": "3.0",
		"smartupdate": "$TexturePacker:SmartUpdate:0fa6427e1d9fd62552f3a9b45eb3e76d:c6cae8a7389b10de1cd1bebbc69bef01:43991bc310d32433288556343be54d4d$"
	}
}
