{"frames": [

{
	"filename": "slimeboyAttack1-1.png",
	"frame": {"x":0,"y":0,"w":256,"h":128},
	"rotated": false,
	"trimmed": false,
	"spriteSourceSize": {"x":0,"y":0,"w":256,"h":128},
	"sourceSize": {"w":256,"h":128}
},
{
	"filename": "slimeboyAttack1-2.png",
	"frame": {"x":256,"y":0,"w":256,"h":128},
	"rotated": false,
	"trimmed": false,
	"spriteSourceSize": {"x":0,"y":0,"w":256,"h":128},
	"sourceSize": {"w":256,"h":128}
},
{
	"filename": "slimeboyAttack1-3.png",
	"frame": {"x":512,"y":0,"w":256,"h":128},
	"rotated": false,
	"trimmed": false,
	"spriteSourceSize": {"x":0,"y":0,"w":256,"h":128},
	"sourceSize": {"w":256,"h":128}
},
{
	"filename": "slimeboyAttack1-4.png",
	"frame": {"x":768,"y":0,"w":256,"h":128},
	"rotated": false,
	"trimmed": false,
	"spriteSourceSize": {"x":0,"y":0,"w":256,"h":128},
	"sourceSize": {"w":256,"h":128}
},
{
	"filename": "slimeboyAttack1-5.png",
	"frame": {"x":1024,"y":0,"w":256,"h":128},
	"rotated": false,
	"trimmed": false,
	"spriteSourceSize": {"x":0,"y":0,"w":256,"h":128},
	"sourceSize": {"w":256,"h":128}
}],
"meta": {
	"app": "https://www.codeandweb.com/texturepacker",
	"version": "1.0",
	"image": "slimeboyFake.png",
	"format": "RGBA8888",
	"size": {"w":1280,"h":128},
	"scale": "1",
	"smartupdate": "$TexturePacker:SmartUpdate:292e815b8d3ae3abb2574fc9c9943ee0:d07c44daaf7126d544e6b4c9e0c6e453:2f94fac084c1df6a81e229f6899d0d7d$"
}
}
