{
	"textures": [
		{
			"image": "WizAttack2Right.png",
			"format": "RGBA8888",
			"size": {
				"w": 2016,
				"h": 252
			},
			"scale": 1,
			"frames": [
				{
					"filename": "Attack2Right-0.png",
					"rotated": false,
					"trimmed": false,
					"sourceSize": {
						"w": 250,
						"h": 250
					},
					"spriteSourceSize": {
						"x": 0,
						"y": 0,
						"w": 250,
						"h": 250
					},
					"frame": {
						"x": 1,
						"y": 1,
						"w": 250,
						"h": 250
					}
				},
				{
					"filename": "Attack2Right-1.png",
					"rotated": false,
					"trimmed": false,
					"sourceSize": {
						"w": 250,
						"h": 250
					},
					"spriteSourceSize": {
						"x": 0,
						"y": 0,
						"w": 250,
						"h": 250
					},
					"frame": {
						"x": 253,
						"y": 1,
						"w": 250,
						"h": 250
					}
				},
				{
					"filename": "Attack2Right-2.png",
					"rotated": false,
					"trimmed": false,
					"sourceSize": {
						"w": 250,
						"h": 250
					},
					"spriteSourceSize": {
						"x": 0,
						"y": 0,
						"w": 250,
						"h": 250
					},
					"frame": {
						"x": 505,
						"y": 1,
						"w": 250,
						"h": 250
					}
				},
				{
					"filename": "Attack2Right-3.png",
					"rotated": false,
					"trimmed": false,
					"sourceSize": {
						"w": 250,
						"h": 250
					},
					"spriteSourceSize": {
						"x": 0,
						"y": 0,
						"w": 250,
						"h": 250
					},
					"frame": {
						"x": 757,
						"y": 1,
						"w": 250,
						"h": 250
					}
				},
				{
					"filename": "Attack2Right-4.png",
					"rotated": false,
					"trimmed": false,
					"sourceSize": {
						"w": 250,
						"h": 250
					},
					"spriteSourceSize": {
						"x": 0,
						"y": 0,
						"w": 250,
						"h": 250
					},
					"frame": {
						"x": 1009,
						"y": 1,
						"w": 250,
						"h": 250
					}
				},
				{
					"filename": "Attack2Right-5.png",
					"rotated": false,
					"trimmed": false,
					"sourceSize": {
						"w": 250,
						"h": 250
					},
					"spriteSourceSize": {
						"x": 0,
						"y": 0,
						"w": 250,
						"h": 250
					},
					"frame": {
						"x": 1261,
						"y": 1,
						"w": 250,
						"h": 250
					}
				},
				{
					"filename": "Attack2Right-6.png",
					"rotated": false,
					"trimmed": false,
					"sourceSize": {
						"w": 250,
						"h": 250
					},
					"spriteSourceSize": {
						"x": 0,
						"y": 0,
						"w": 250,
						"h": 250
					},
					"frame": {
						"x": 1513,
						"y": 1,
						"w": 250,
						"h": 250
					}
				},
				{
					"filename": "Attack2Right-7.png",
					"rotated": false,
					"trimmed": false,
					"sourceSize": {
						"w": 250,
						"h": 250
					},
					"spriteSourceSize": {
						"x": 0,
						"y": 0,
						"w": 250,
						"h": 250
					},
					"frame": {
						"x": 1765,
						"y": 1,
						"w": 250,
						"h": 250
					}
				}
			]
		}
	],
	"meta": {
		"app": "https://www.codeandweb.com/texturepacker",
		"version": "3.0",
		"smartupdate": "$TexturePacker:SmartUpdate:68b91928993ba6cd6847317af8f678c8:50972574783c577a5221ae0276ceb4c1:d8a60133ad14660827446145a38fe5fb$"
	}
}
