{
	"textures": [
		{
			"image": "slimeboyAttack1.png",
			"format": "RGBA8888",
			"size": {
				"w": 1152,
				"h": 128
			},
			"scale": 1,
			"frames": [
				{
					"filename": "slimeboyAttack1-0.png",
					"rotated": false,
					"trimmed": false,
					"sourceSize": {
						"w": 384,
						"h": 128
					},
					"spriteSourceSize": {
						"x": 0,
						"y": 0,
						"w": 384,
						"h": 128
					},
					"frame": {
						"x": 1,
						"y": 1,
						"w": 384,
						"h": 128
					}
				},
				{
					"filename": "slimeboyAttack1-1.png",
					"rotated": false,
					"trimmed": false,
					"sourceSize": {
						"w": 384,
						"h": 128
					},
					"spriteSourceSize": {
						"x": 0,
						"y": 0,
						"w": 384,
						"h": 128
					},
					"frame": {
						"x": 384,
						"y": 1,
						"w": 384,
						"h": 128
					}
				},
				{
					"filename": "slimeboyAttack1-2.png",
					"rotated": false,
					"trimmed": false,
					"sourceSize": {
						"w": 384,
						"h": 128
					},
					"spriteSourceSize": {
						"x": 0,
						"y": 0,
						"w": 384,
						"h": 128
					},
					"frame": {
						"x": 768,
						"y": 1,
						"w": 384,
						"h": 128
					}
				}
			]
		}
	]
}
