{
	"textures": [
		{
			"image": "WizIdleRight.png",
			"format": "RGBA8888",
			"size": {
				"w": 2016,
				"h": 252
			},
			"scale": 1,
			"frames": [
				{
					"filename": "IdleRight-0.png",
					"rotated": false,
					"trimmed": false,
					"sourceSize": {
						"w": 250,
						"h": 250
					},
					"spriteSourceSize": {
						"x": 0,
						"y": 0,
						"w": 250,
						"h": 250
					},
					"frame": {
						"x": 1,
						"y": 1,
						"w": 250,
						"h": 250
					}
				},
				{
					"filename": "IdleRight-1.png",
					"rotated": false,
					"trimmed": false,
					"sourceSize": {
						"w": 250,
						"h": 250
					},
					"spriteSourceSize": {
						"x": 0,
						"y": 0,
						"w": 250,
						"h": 250
					},
					"frame": {
						"x": 253,
						"y": 1,
						"w": 250,
						"h": 250
					}
				},
				{
					"filename": "IdleRight-2.png",
					"rotated": false,
					"trimmed": false,
					"sourceSize": {
						"w": 250,
						"h": 250
					},
					"spriteSourceSize": {
						"x": 0,
						"y": 0,
						"w": 250,
						"h": 250
					},
					"frame": {
						"x": 505,
						"y": 1,
						"w": 250,
						"h": 250
					}
				},
				{
					"filename": "IdleRight-3.png",
					"rotated": false,
					"trimmed": false,
					"sourceSize": {
						"w": 250,
						"h": 250
					},
					"spriteSourceSize": {
						"x": 0,
						"y": 0,
						"w": 250,
						"h": 250
					},
					"frame": {
						"x": 757,
						"y": 1,
						"w": 250,
						"h": 250
					}
				},
				{
					"filename": "IdleRight-4.png",
					"rotated": false,
					"trimmed": false,
					"sourceSize": {
						"w": 250,
						"h": 250
					},
					"spriteSourceSize": {
						"x": 0,
						"y": 0,
						"w": 250,
						"h": 250
					},
					"frame": {
						"x": 1009,
						"y": 1,
						"w": 250,
						"h": 250
					}
				},
				{
					"filename": "IdleRight-5.png",
					"rotated": false,
					"trimmed": false,
					"sourceSize": {
						"w": 250,
						"h": 250
					},
					"spriteSourceSize": {
						"x": 0,
						"y": 0,
						"w": 250,
						"h": 250
					},
					"frame": {
						"x": 1261,
						"y": 1,
						"w": 250,
						"h": 250
					}
				},
				{
					"filename": "IdleRight-6.png",
					"rotated": false,
					"trimmed": false,
					"sourceSize": {
						"w": 250,
						"h": 250
					},
					"spriteSourceSize": {
						"x": 0,
						"y": 0,
						"w": 250,
						"h": 250
					},
					"frame": {
						"x": 1513,
						"y": 1,
						"w": 250,
						"h": 250
					}
				},
				{
					"filename": "IdleRight-7.png",
					"rotated": false,
					"trimmed": false,
					"sourceSize": {
						"w": 250,
						"h": 250
					},
					"spriteSourceSize": {
						"x": 0,
						"y": 0,
						"w": 250,
						"h": 250
					},
					"frame": {
						"x": 1765,
						"y": 1,
						"w": 250,
						"h": 250
					}
				}
			]
		}
	],
	"meta": {
		"app": "https://www.codeandweb.com/texturepacker",
		"version": "3.0",
		"smartupdate": "$TexturePacker:SmartUpdate:6095d461307b1f6e60ac9886ba8e9553:dbc6fb53075e40e16cbe5bf73132a3e5:08698a569e32985ba9aba8351c3345a5$"
	}
}
