{
	"textures": [
		{
			"image": "slimeboyIdle1.png",
			"format": "RGBA8888",
			"size": {
				"w": 256,
				"h": 128
			},
			"scale": 1,
			"frames": [
				{
					"filename": "slimeboyIdle1-0.png",
					"rotated": false,
					"trimmed": false,
					"sourceSize": {
						"w": 256,
						"h": 128
					},
					"spriteSourceSize": {
						"x": 0,
						"y": 0,
						"w": 128,
						"h": 128
					},
					"frame": {
						"x": 1,
						"y": 1,
						"w": 128,
						"h": 128
					}
				},
                {
					"filename": "slimeboyIdle1-1.png",
					"rotated": false,
					"trimmed": false,
					"sourceSize": {
						"w": 256,
						"h": 128
					},
					"spriteSourceSize": {
						"x": 0,
						"y": 0,
						"w": 128,
						"h": 128
					},
					"frame": {
						"x": 128,
						"y": 1,
						"w": 128,
						"h": 128
					}
				}
			]
		}
	]
}
