{
	"textures": [
		{
			"image": "knightAttack.png",
			"format": "RGBA8888",
			"size": {
				"w": 122,
				"h": 233
			},
			"scale": 1,
			"frames": [
				{
					"filename": "knightAttack-0.png",
					"rotated": false,
					"trimmed": true,
					"sourceSize": {
						"w": 146,
						"h": 66
					},
					"spriteSourceSize": {
						"x": 56,
						"y": 15,
						"w": 26,
						"h": 32
					},
					"frame": {
						"x": 1,
						"y": 1,
						"w": 26,
						"h": 32
					}
				},
				{
					"filename": "knightAttack-1.png",
					"rotated": false,
					"trimmed": true,
					"sourceSize": {
						"w": 146,
						"h": 66
					},
					"spriteSourceSize": {
						"x": 56,
						"y": 15,
						"w": 26,
						"h": 32
					},
					"frame": {
						"x": 29,
						"y": 1,
						"w": 26,
						"h": 32
					}
				},
				{
					"filename": "knightAttack-2.png",
					"rotated": false,
					"trimmed": true,
					"sourceSize": {
						"w": 146,
						"h": 66
					},
					"spriteSourceSize": {
						"x": 56,
						"y": 15,
						"w": 26,
						"h": 32
					},
					"frame": {
						"x": 57,
						"y": 1,
						"w": 26,
						"h": 32
					}
				},
				{
					"filename": "knightAttack-3.png",
					"rotated": false,
					"trimmed": true,
					"sourceSize": {
						"w": 146,
						"h": 66
					},
					"spriteSourceSize": {
						"x": 56,
						"y": 16,
						"w": 23,
						"h": 31
					},
					"frame": {
						"x": 85,
						"y": 1,
						"w": 23,
						"h": 31
					}
				},
				{
					"filename": "knightAttack-4.png",
					"rotated": false,
					"trimmed": true,
					"sourceSize": {
						"w": 146,
						"h": 66
					},
					"spriteSourceSize": {
						"x": 56,
						"y": 16,
						"w": 23,
						"h": 31
					},
					"frame": {
						"x": 1,
						"y": 35,
						"w": 23,
						"h": 31
					}
				},
				{
					"filename": "knightAttack-5.png",
					"rotated": false,
					"trimmed": true,
					"sourceSize": {
						"w": 146,
						"h": 66
					},
					"spriteSourceSize": {
						"x": 56,
						"y": 17,
						"w": 43,
						"h": 30
					},
					"frame": {
						"x": 26,
						"y": 35,
						"w": 43,
						"h": 30
					}
				},
				{
					"filename": "knightAttack-6.png",
					"rotated": false,
					"trimmed": true,
					"sourceSize": {
						"w": 146,
						"h": 66
					},
					"spriteSourceSize": {
						"x": 56,
						"y": 17,
						"w": 39,
						"h": 30
					},
					"frame": {
						"x": 71,
						"y": 35,
						"w": 39,
						"h": 30
					}
				},
				{
					"filename": "knightAttack-7.png",
					"rotated": false,
					"trimmed": true,
					"sourceSize": {
						"w": 146,
						"h": 66
					},
					"spriteSourceSize": {
						"x": 56,
						"y": 17,
						"w": 39,
						"h": 30
					},
					"frame": {
						"x": 1,
						"y": 68,
						"w": 39,
						"h": 30
					}
				},
				{
					"filename": "knightAttack-8.png",
					"rotated": false,
					"trimmed": true,
					"sourceSize": {
						"w": 146,
						"h": 66
					},
					"spriteSourceSize": {
						"x": 56,
						"y": 16,
						"w": 35,
						"h": 31
					},
					"frame": {
						"x": 42,
						"y": 68,
						"w": 35,
						"h": 31
					}
				},
				{
					"filename": "knightAttack-9.png",
					"rotated": false,
					"trimmed": true,
					"sourceSize": {
						"w": 146,
						"h": 66
					},
					"spriteSourceSize": {
						"x": 56,
						"y": 16,
						"w": 23,
						"h": 31
					},
					"frame": {
						"x": 1,
						"y": 35,
						"w": 23,
						"h": 31
					}
				},
				{
					"filename": "knightAttack-10.png",
					"rotated": false,
					"trimmed": true,
					"sourceSize": {
						"w": 146,
						"h": 66
					},
					"spriteSourceSize": {
						"x": 56,
						"y": 16,
						"w": 23,
						"h": 31
					},
					"frame": {
						"x": 85,
						"y": 1,
						"w": 23,
						"h": 31
					}
				},
				{
					"filename": "knightAttack-11.png",
					"rotated": false,
					"trimmed": true,
					"sourceSize": {
						"w": 146,
						"h": 66
					},
					"spriteSourceSize": {
						"x": 56,
						"y": 15,
						"w": 26,
						"h": 32
					},
					"frame": {
						"x": 1,
						"y": 1,
						"w": 26,
						"h": 32
					}
				}
			]
		}
	],
	"meta": {
		"app": "https://www.codeandweb.com/texturepacker",
		"version": "3.0",
		"smartupdate": "$TexturePacker:SmartUpdate:f7b74673c87179ff99e6d1ff23140fe3:b468c23f0db879d7871395bbbde58241:1b8dca399787d2a688818293bcd36d42$"
	}
}
