{
	"textures": [
		{
			"image": "WizIdleLeft.png",
			"format": "RGBA8888",
			"size": {
				"w": 2016,
				"h": 252
			},
			"scale": 1,
			"frames": [
				{
					"filename": "IdleLeft-7.png",
					"rotated": false,
					"trimmed": false,
					"sourceSize": {
						"w": 250,
						"h": 250
					},
					"spriteSourceSize": {
						"x": 0,
						"y": 0,
						"w": 250,
						"h": 250
					},
					"frame": {
						"x": 1,
						"y": 1,
						"w": 250,
						"h": 250
					}
				},
				{
					"filename": "IdleLeft-6.png",
					"rotated": false,
					"trimmed": false,
					"sourceSize": {
						"w": 250,
						"h": 250
					},
					"spriteSourceSize": {
						"x": 0,
						"y": 0,
						"w": 250,
						"h": 250
					},
					"frame": {
						"x": 253,
						"y": 1,
						"w": 250,
						"h": 250
					}
				},
				{
					"filename": "IdleLeft-5.png",
					"rotated": false,
					"trimmed": false,
					"sourceSize": {
						"w": 250,
						"h": 250
					},
					"spriteSourceSize": {
						"x": 0,
						"y": 0,
						"w": 250,
						"h": 250
					},
					"frame": {
						"x": 505,
						"y": 1,
						"w": 250,
						"h": 250
					}
				},
				{
					"filename": "IdleLeft-4.png",
					"rotated": false,
					"trimmed": false,
					"sourceSize": {
						"w": 250,
						"h": 250
					},
					"spriteSourceSize": {
						"x": 0,
						"y": 0,
						"w": 250,
						"h": 250
					},
					"frame": {
						"x": 757,
						"y": 1,
						"w": 250,
						"h": 250
					}
				},
				{
					"filename": "IdleLeft-3.png",
					"rotated": false,
					"trimmed": false,
					"sourceSize": {
						"w": 250,
						"h": 250
					},
					"spriteSourceSize": {
						"x": 0,
						"y": 0,
						"w": 250,
						"h": 250
					},
					"frame": {
						"x": 1009,
						"y": 1,
						"w": 250,
						"h": 250
					}
				},
				{
					"filename": "IdleLeft-2.png",
					"rotated": false,
					"trimmed": false,
					"sourceSize": {
						"w": 250,
						"h": 250
					},
					"spriteSourceSize": {
						"x": 0,
						"y": 0,
						"w": 250,
						"h": 250
					},
					"frame": {
						"x": 1261,
						"y": 1,
						"w": 250,
						"h": 250
					}
				},
				{
					"filename": "IdleLeft-1.png",
					"rotated": false,
					"trimmed": false,
					"sourceSize": {
						"w": 250,
						"h": 250
					},
					"spriteSourceSize": {
						"x": 0,
						"y": 0,
						"w": 250,
						"h": 250
					},
					"frame": {
						"x": 1513,
						"y": 1,
						"w": 250,
						"h": 250
					}
				},
				{
					"filename": "IdleLeft-0.png",
					"rotated": false,
					"trimmed": false,
					"sourceSize": {
						"w": 250,
						"h": 250
					},
					"spriteSourceSize": {
						"x": 0,
						"y": 0,
						"w": 250,
						"h": 250
					},
					"frame": {
						"x": 1765,
						"y": 1,
						"w": 250,
						"h": 250
					}
				}
			]
		}
	],
	"meta": {
		"app": "https://www.codeandweb.com/texturepacker",
		"version": "3.0",
		"smartupdate": "$TexturePacker:SmartUpdate:157061abe795a29a9b3a4bd0c4f654cc:95124a2ffd34da4dd3ea88b4ed88418e:72de79e44aa5d9b7af9826e939dde752$"
	}
}
